id,day,month,dom,year,avg_pace,distance,Duration,est_calories
1,Friday,March,5,2010,8`13``,2.69,22:08,334
2,Sunday,March,7,2010,10`56``,3.04,33:13,377
3,Monday,March,8,2010,7`00``,2.64,18:32,328
4,Wednesday,March,10,2010,7`29``,4.36,32:40,541
5,Friday,March,12,2010,7`33``,4.13,31:10,512
6,Monday,March,15,2010,7`49``,3.98,31:12,494
7,Tuesday,March,16,2010,8`36``,5.01,43:05,621
8,Wednesday,March,17,2010,7`17``,4.44,32:21,551
9,Friday,March,19,2010,7`16``,4.49,32:39,557
10,Monday,March,22,2010,7`31``,4.4,33:04,546
11,Wednesday,March,24,2010,8`57``,3.17,28:27,393
12,Monday,March,29,2010,7`18``,4.34,31:44,539
13,Tuesday,March,30,2010,8`26``,3.13,26:24,388
14,Wednesday,March,31,2010,7`17``,4.26,31:04,528
15,Friday,April,2,2010,7`35``,6.21,47:08,770
16,Monday,April,5,2010,7`07``,0.33,02:22,41
17,Monday,April,5,2010,7`34``,6.28,47:35,780
18,Tuesday,April,6,2010,9`15``,4.05,37:33,503
19,Wednesday,April,7,2010,7`23``,4.28,31:40,532
20,Friday,April,9,2010,7`37``,6.04,46:06,750
21,Monday,April,12,2010,7`28``,4.36,32:38,542
22,Tuesday,April,13,2010,7`38``,4.32,32:59,536
23,Friday,April,16,2010,7`33``,6.06,45:47,752
24,Monday,April,19,2010,7`24``,6.12,45:19,759
25,Wednesday,April,21,2010,7`09``,4.45,31:51,552
26,Saturday,April,24,2010,8`53``,4.03,35:49,500
27,Monday,April,26,2010,7`09``,5.05,36:11,627
28,Wednesday,April,28,2010,6`56``,4.39,30:28,544
29,Monday,May,3,2010,6`53``,4.02,27:43,499
30,Wednesday,May,5,2010,7`15``,4,29:02,497
31,Saturday,May,8,2010,7`21``,3.25,23:55,404
32,Monday,May,10,2010,7`17``,5.36,39:00,665
33,Wednesday,May,12,2010,7`25``,4.26,31:41,529
34,Saturday,November,27,2010,8`09``,3.12,25:28,392
35,Sunday,November,28,2010,8`01``,3.11,24:59,393
36,Monday,November,29,2010,7`52``,3.12,24:36,394
37,Tuesday,November,30,2010,8`04``,4.01,32:23,506
38,Tuesday,November,30,2010,8`07``,1.02,08:18,129
39,Wednesday,December,1,2010,8`09``,3.11,25:25,392
40,Saturday,December,4,2010,8`01``,3.12,25:01,393
41,Sunday,December,5,2010,7`59``,3.11,24:54,393
42,Monday,December,6,2010,7`54``,3.12,24:38,394
43,Tuesday,December,7,2010,7`39``,3.13,23:59,397
44,Wednesday,December,8,2010,7`59``,3.15,25:13,398
45,Saturday,December,11,2010,7`54``,3.51,27:43,443
46,Sunday,December,12,2010,7`46``,3.12,24:14,394
47,Monday,December,13,2010,7`43``,3.11,24:02,394
48,Tuesday,December,14,2010,7`56``,4,31:47,505
49,Wednesday,December,15,2010,7`52``,3.11,24:29,393
50,Saturday,December,18,2010,7`44``,3.12,24:08,395
51,Sunday,December,19,2010,7`54``,4.01,31:40,506
52,Monday,December,20,2010,7`34``,3.12,23:38,396
53,Tuesday,December,21,2010,7`45``,3.12,24:13,394
54,Wednesday,December,22,2010,7`48``,3.12,24:19,394
55,Saturday,December,25,2010,7`52``,3.1,24:29,392
56,Sunday,December,26,2010,7`56``,3.12,24:45,393
57,Monday,December,27,2010,7`59``,4.11,32:48,518
58,Tuesday,December,28,2010,7`51``,5.02,39:28,634
59,Wednesday,December,29,2010,7`38``,3.12,23:53,396
60,Sunday,January,2,2011,8`00``,3.11,24:56,393
61,Monday,January,3,2011,7`58``,3.11,24:50,393
62,Tuesday,January,4,2011,7`57``,4.01,31:52,505
63,Wednesday,January,5,2011,7`46``,4,31:08,507
64,Saturday,January,8,2011,7`45``,4.01,31:10,507
65,Sunday,January,9,2011,7`46``,4.01,31:12,507
66,Monday,January,10,2011,7`42``,4.01,30:54,507
67,Tuesday,January,11,2011,7`37``,3.11,23:44,394
68,Wednesday,January,12,2011,7`31``,3.11,23:24,395
69,Sunday,January,16,2011,7`49``,3.2,25:02,404
70,Monday,January,17,2011,7`49``,6.23,48:40,787
71,Tuesday,January,18,2011,7`45``,4.01,31:09,508
72,Wednesday,January,19,2011,7`49``,4.01,31:24,507
73,Saturday,January,22,2011,7`50``,3.11,24:25,394
74,Sunday,January,23,2011,7`56``,4.02,31:54,507
75,Monday,January,24,2011,7`51``,3.19,25:02,403
76,Tuesday,January,25,2011,7`52``,4.01,31:34,507
77,Wednesday,January,26,2011,7`50``,5.02,39:18,634
78,Saturday,January,29,2011,7`52``,4.02,31:38,508
79,Sunday,January,30,2011,7`45``,5.01,38:54,634
80,Monday,January,31,2011,7`35``,4,30:25,507
81,Wednesday,February,2,2011,7`51``,4.01,31:27,506
82,Sunday,February,6,2011,7`46``,4.01,31:12,507
83,Monday,February,7,2011,7`41``,4.02,30:54,509
84,Tuesday,February,8,2011,7`41``,4.01,30:53,508
85,Wednesday,February,9,2011,7`47``,3.11,24:17,394
86,Saturday,February,12,2011,7`58``,3.12,24:53,393
87,Sunday,February,13,2011,7`51``,3.12,24:29,393
88,Monday,February,14,2011,7`52``,4.01,31:31,506
89,Tuesday,February,15,2011,7`50``,4,31:20,504
90,Wednesday,February,16,2011,7`48``,3.11,24:17,393
91,Saturday,February,19,2011,7`41``,3.12,23:58,395
92,Sunday,February,20,2011,7`51``,4,31:24,505
93,Monday,February,21,2011,7`41``,4.1,31:34,519
94,Tuesday,February,22,2011,7`38``,4.01,30:38,508
95,Tuesday,March,1,2011,7`56``,4.01,31:53,506
96,Wednesday,March,2,2011,7`54``,4.11,32:32,519
97,Wednesday,March,2,2011,7`56``,3.13,24:46,393
98,Saturday,March,5,2011,7`56``,3.12,24:43,393
99,Sunday,March,6,2011,7`53``,5.02,39:36,634
100,Monday,March,7,2011,7`53``,4.51,35:32,569
101,Tuesday,March,8,2011,7`37``,4.51,34:22,572
102,Wednesday,March,9,2011,7`35``,4.01,30:24,508
103,Sunday,March,13,2011,7`54``,5,39:29,631
104,Monday,March,14,2011,7`52``,4.02,31:40,507
105,Tuesday,March,15,2011,7`56``,4.01,31:49,506
106,Wednesday,March,16,2011,7`48``,4.01,31:20,507
107,Saturday,March,19,2011,7`50``,4,31:26,506
108,Sunday,March,20,2011,7`53``,7.01,55:21,883
109,Monday,March,21,2011,7`51``,3.12,24:31,393
110,Tuesday,March,22,2011,7`42``,4.01,30:54,507
111,Wednesday,March,23,2011,8`01``,0.42,3:25,54
112,Wednesday,March,23,2011,7`40``,4.01,30:47,508
113,Sunday,March,27,2011,7`53``,5.01,39:32,632
114,Monday,March,28,2011,7`44``,6.21,48:03,785
115,Wednesday,March,30,2011,7`46``,5.01,38:56,633
116,Saturday,April,2,2011,7`49``,6.01,47:04,759
117,Sunday,April,3,2011,7`47``,5.01,39:06,634
118,Monday,April,4,2011,7`31``,6.22,46:48,789
119,Tuesday,April,5,2011,7`47``,5.02,39:05,634
120,Wednesday,April,6,2011,7`42``,6.22,47:57,787
121,Saturday,April,9,2011,7`47``,5.01,39:01,633
122,Sunday,April,10,2011,7`55``,6.22,49:15,785
123,Monday,April,11,2011,7`48``,5.01,39:04,633
124,Tuesday,April,12,2011,7`53``,5.01,39:30,632
125,Wednesday,April,13,2011,7`39``,5,38:17,633
126,Wednesday,April,13,2011,7`50``,3.11,24:25,393
127,Sunday,April,17,2011,7`54``,5.01,39:37,632
128,Sunday,April,17,2011,8`07``,3.11,25:15,390
129,Monday,April,18,2011,7`38``,5.01,38:15,634
130,Saturday,April,23,2011,7`39``,5.01,38:23,634
131,Sunday,April,24,2011,7`40``,5.01,38:25,634
132,Monday,April,25,2011,7`30``,4.01,30:04,509
133,Tuesday,April,26,2011,7`56``,5.01,39:48,632
134,Wednesday,April,27,2011,7`41``,5.01,38:30,624
135,Saturday,April,30,2011,7`40``,6.21,47:42,786
136,Monday,May,2,2011,7`48``,6.22,48:37,786
137,Wednesday,May,4,2011,7`41``,6.22,47:47,787
138,Saturday,May,7,2011,7`44``,4.01,31:03,508
139,Sunday,May,8,2011,7`44``,5,38:46,632
140,Monday,May,9,2011,7`57``,5.01,39:53,631
141,Tuesday,May,10,2011,7`45``,5.01,38:49,634
142,Wednesday,May,11,2011,7`41``,4,30:47,507
143,Saturday,May,14,2011,7`48``,5.01,39:07,633
144,Sunday,May,15,2011,7`53``,5.01,39:32,632
145,Monday,May,16,2011,7`52``,5,39:24,631
146,Tuesday,May,17,2011,7`22``,5.01,36:55,635
147,Wednesday,May,18,2011,7`48``,4.01,31:15,506
148,Saturday,May,21,2011,7`51``,6.21,48:48,783
149,Sunday,May,22,2011,7`35``,5.01,38:02,634
150,Monday,May,23,2011,7`46``,4.02,31:16,506
151,Tuesday,May,24,2011,7`32``,5.02,37:48,636
152,Thursday,May,26,2011,8`38``,1,08:39,125
153,Saturday,May,28,2011,7`19``,5.02,36:49,638
154,Sunday,May,29,2011,7`07``,5.01,35:44,639
155,Monday,May,30,2011,7`20``,5.02,36:50,639
156,Tuesday,May,31,2011,7`52``,5.03,39:32,635
157,Monday,June,13,2011,8`06``,5.06,41:01,637
158,Wednesday,June,15,2011,7`55``,5,39:36,631
159,Friday,June,17,2011,8`08``,3.17,25:49,398
160,Monday,June,20,2011,8`02``,3.2,25:43,403
161,Monday,July,4,2011,7`51``,4.08,32:03,515
162,Wednesday,July,6,2011,7`37``,4.02,30:39,510
163,Monday,July,11,2011,7`37``,5.03,38:20,636
164,Tuesday,July,12,2011,7`28``,5.03,37:34,638
165,Wednesday,July,13,2011,7`24``,5.03,37:16,638
166,Thursday,July,14,2011,7`26``,5.02,37:21,638
167,Saturday,July,16,2011,7`21``,5.03,36:57,640
168,Sunday,July,17,2011,7`27``,5.02,37:28,638
169,Monday,July,18,2011,7`29``,5.26,39:24,668
170,Tuesday,July,19,2011,7`31``,5.02,37:50,638
171,Wednesday,July,20,2011,7`30``,5.03,37:43,638
172,Saturday,July,23,2011,7`54``,1.1,08:45,140
173,Saturday,July,23,2011,7`52``,2.02,15:52,255
174,Sunday,July,24,2011,7`31``,3.13,23:34,398
175,Monday,July,25,2011,7`33``,3.13,23:40,397
176,Tuesday,July,26,2011,7`17``,3.13,22:49,398
177,Wednesday,July,27,2011,7`12``,4.04,28:59,513
178,Saturday,July,30,2011,7`32``,4.01,30:11,509
179,Sunday,July,31,2011,7`35``,4.02,30:31,510
180,Tuesday,August,2,2011,8`00``,3.01,24:08,380
181,Thursday,August,4,2011,7`57``,3.16,25:09,398
182,Saturday,August,6,2011,8`08``,1.02,08:19,129
183,Wednesday,August,10,2011,7`54``,3.15,24:57,398
184,Monday,August,15,2011,7`53``,3.13,24:44,396
185,Thursday,August,18,2011,7`55``,3.24,25:39,409
186,Monday,August,29,2011,7`35``,4.03,30:36,511
187,Tuesday,August,30,2011,7`28``,4.03,30:09,511
188,Wednesday,August,31,2011,7`24``,4.03,30:09,512
189,Saturday,September,3,2011,7`33``,4.03,30:27,511
190,Sunday,September,4,2011,7`32``,5.02,37:54,637
191,Monday,September,5,2011,7`34``,5.03,38:05,638
192,Tuesday,September,6,2011,7`35``,5.03,38:09,638
193,Wednesday,September,7,2011,7`34``,5.02,38:01,637
194,Saturday,September,10,2011,7`33``,5.23,39:35,664
195,Sunday,September,11,2011,7`30``,5.03,37:45,638
196,Monday,September,12,2011,7`47``,5.02,39:07,634
197,Tuesday,September,13,2011,7`36``,5.02,38:10,636
198,Wednesday,September,14,2011,7`32``,5.16,38:55,654
199,Saturday,September,17,2011,7`36``,4.07,31:00,516
200,Monday,September,19,2011,7`35``,5.03,38:07,637
201,Tuesday,September,20,2011,7`34``,5.05,38:10,640
202,Wednesday,September,21,2011,7`32``,5.05,38:03,640
203,Saturday,September,24,2011,7`21``,5.01,36:55,637
204,Sunday,September,25,2011,7`18``,5.03,36:47,640
205,Monday,September,26,2011,7`33``,5.01,37:52,635
206,Tuesday,September,27,2011,7`33``,5.05,38:10,640
207,Wednesday,September,28,2011,7`20``,5.02,36:53,639
208,Saturday,October,1,2011,7`10``,5.02,36:04,640
209,Sunday,October,2,2011,7`13``,5.02,36:14,640
210,Monday,October,10,2011,7`21``,5.49,40:22,698
211,Tuesday,October,11,2011,7`22``,5.02,37:02,638
212,Wednesday,October,12,2011,7`13``,5.04,36:25,642
213,Saturday,October,15,2011,7`10``,5.02,36:03,639
214,Sunday,October,16,2011,7`11``,6.01,43:12,765
215,Monday,October,17,2011,7`09``,5.03,35:58,641
216,Tuesday,October,18,2011,7`27``,5.04,37:30,639
217,Wednesday,October,19,2011,7`16``,5.04,36:38,641
218,Saturday,October,22,2011,7`15``,6.02,43:41,765
219,Sunday,October,23,2011,7`14``,6.02,43:35,766
220,Monday,October,24,2011,7`18``,6.02,43:55,765
221,Tuesday,October,25,2011,7`30``,5.02,37:43,637
222,Wednesday,October,26,2011,7`25``,5.03,37:23,639
223,Saturday,October,29,2011,7`22``,6.03,44:25,766
224,Sunday,October,30,2011,7`19``,6.03,44:10,768
225,Monday,October,31,2011,7`30``,5.02,37:43,637
226,Tuesday,November,1,2011,7`27``,5.05,37:38,641
227,Wednesday,November,2,2011,7`20``,6.02,44:13,766
228,Saturday,November,5,2011,7`27``,5.01,37:20,636
229,Sunday,November,6,2011,7`31``,5.03,37:47,637
230,Monday,November,7,2011,7`30``,6.01,45:09,762
231,Tuesday,November,8,2011,7`27``,5.03,37:29,638
232,Wednesday,November,9,2011,7`17``,5.04,36:44,641
233,Saturday,November,12,2011,7`16``,6.04,43:56,769
234,Sunday,November,13,2011,7`24``,5.04,37:28,642
235,Monday,November,14,2011,7`14``,6.03,43:41,767
236,Tuesday,November,15,2011,7`18``,5.12,37:22,651
237,Wednesday,November,16,2011,7`21``,5.06,37:13,643
238,Saturday,November,19,2011,7`22``,6.02,44:24,765
239,Sunday,November,20,2011,7`13``,7.08,51:07,901
240,Monday,November,21,2011,7`22``,6.02,44:20,764
241,Tuesday,November,22,2011,7`16``,6.02,43:50,766
242,Wednesday,November,23,2011,7`16``,6.03,43:47,767
243,Saturday,November,26,2011,7`28``,5.04,37:42,640
244,Sunday,November,27,2011,7`12``,6.03,43:26,768
245,Monday,November,28,2011,7`19``,7.02,51:28,894
246,Tuesday,November,29,2011,7`01``,7.01,42:19,769
247,Wednesday,November,30,2011,7`13``,7.03,50:47,895
248,Saturday,December,3,2011,7`21``,6.03,44:23,766
249,Sunday,December,4,2011,7`14``,6.03,42:38,768
250,Monday,December,5,2011,7`24``,5.03,37:13,639
251,Tuesday,December,6,2011,7`24``,5.03,36:50,640
252,Wednesday,December,7,2011,7`18``,5.05,36:53,642
253,Sunday,December,11,2011,7`17``,5.03,36:41,640
254,Monday,December,12,2011,7`21``,5.04,37:03,641
255,Tuesday,December,13,2011,7`28``,5.04,37:40,640
256,Wednesday,December,14,2011,7`26``,5.03,37:26,639
257,Saturday,December,17,2011,7`36``,3.14,23:55,398
258,Sunday,December,18,2011,7`22``,5.03,37:05,640
259,Monday,December,19,2011,7`15``,5.05,36:37,642
260,Tuesday,December,20,2011,7`16``,5.04,36:40,642
261,Wednesday,December,21,2011,7`16``,5.03,36:35,641
262,Sunday,December,25,2011,7`20``,5.04,36:56,641
263,Monday,December,26,2011,7`15``,5.02,36:25,640
264,Tuesday,December,27,2011,7`18``,5.04,36:49,642
265,Wednesday,December,28,2011,7`13``,5.04,36:23,642
266,Saturday,December,31,2011,7`18``,5.04,36:51,641
267,Sunday,January,1,2012,7`40``,3.14,24:06,398
268,Monday,January,2,2012,7`18``,5.05,36:53,643
269,Tuesday,January,3,2012,7`24``,5.04,37:17,641
270,Wednesday,January,4,2012,7`22``,5.03,37:06,640
271,Saturday,January,7,2012,7`15``,5.05,36:39,642
272,Sunday,January,8,2012,7`25``,5.02,37:13,611
273,Monday,January,9,2012,7`35``,5.05,38:23,613
274,Tuesday,January,10,2012,7`35``,5.05,38:16,613
275,Saturday,January,14,2012,7`31``,5.17,38:51,628
276,Sunday,January,15,2012,7`30``,5.03,37:44,611
277,Monday,January,16,2012,7`35``,5.02,38:08,610
278,Tuesday,January,17,2012,7`36``,5.06,38:24,614
279,Wednesday,January,18,2012,7`37``,5.03,38:19,610
280,Saturday,January,21,2012,7`33``,5.05,38:06,613
281,Sunday,January,22,2012,7`36``,5.03,38:14,610
282,Monday,January,23,2012,7`33``,5.05,38:08,613
283,Tuesday,January,24,2012,7`37``,4.03,30:44,488
284,Wednesday,January,25,2012,7`36``,6.06,38:27,613
285,Sunday,January,29,2012,7`37``,5.04,38:29,612
286,Tuesday,January,31,2012,7`32``,5.06,38:09,613
287,Wednesday,February,1,2012,7`31``,5.06,38:04,615
288,Saturday,February,4,2012,7`38``,5.02,38:19,609
289,Sunday,February,5,2012,7`30``,5.04,37:51,612
290,Monday,February,6,2012,7`29``,5.06,37:53,615
291,Tuesday,February,7,2012,7`35``,5.05,38:20,613
292,Wednesday,February,8,2012,7`31``,5,37:59,613
293,Saturday,February,11,2012,7`32``,5.12,38:36,622
294,Sunday,February,12,2012,7`35``,5.03,38:07,610
295,Monday,February,13,2012,7`27``,5.05,37:40,614
296,Tuesday,February,14,2012,7`36``,5.04,38:22,612
297,Wednesday,February,15,2012,7`26``,5.04,37:28,613
298,Saturday,February,18,2012,7`20``,5.04,37:00,614
299,Sunday,February,19,2012,7`34``,5.05,38:13,613
300,Monday,February,20,2012,7`31``,5.04,37:55,613
301,Tuesday,February,21,2012,7`32``,5.06,38:08,614
302,Wednesday,February,22,2012,7`25``,5.03,37:16,612
303,Saturday,February,25,2012,7`27``,5.05,37:41,641
304,Sunday,February,26,2012,7`30``,5.04,37:50,612
305,Monday,February,27,2012,7`29``,5.05,37:52,613
306,Tuesday,February,28,2012,7`37``,5.05,38:27,613
307,Wednesday,February,29,2012,7`27``,5.23,39:00,636
308,Sunday,March,4,2012,7`31``,6.02,45:15,731
309,Monday,March,5,2012,7`24``,5.15,38:09,627
310,Tuesday,March,6,2012,7`26``,5.42,40:22,660
311,Wednesday,March,7,2012,7`23``,5.04,37:16,614
312,Saturday,March,10,2012,7`37``,5.22,39:50,633
313,Sunday,March,11,2012,7`30``,5.02,37:44,611
314,Monday,March,12,2012,7`26``,5.05,37:32,614
315,Tuesday,March,13,2012,7`23``,5.08,37:30,644
316,Wednesday,March,14,2012,7`34``,5.19,39:20,632
317,Saturday,March,17,2012,7`21``,6.2,45:37,788
318,Sunday,March,18,2012,7`34``,5.04,38:10,612
319,Monday,March,19,2012,7`24``,5.16,38:15,655
320,Tuesday,March,20,2012,7`39``,6.04,45:54,732
321,Wednesday,March,21,2012,7`26``,5.09,37:52,620
322,Sunday,March,25,2012,7`32``,5.06,38:11,615
323,Monday,March,26,2012,7`33``,5.2,39:17,631
324,Tuesday,March,27,2012,7`06``,5.05,35:53,618
325,Wednesday,March,28,2012,7`13``,5.03,36:22,615
326,Saturday,March,31,2012,7`11``,5.05,36:19,617
327,Sunday,April,1,2012,7`17``,5.04,36:45,615
328,Monday,April,2,2012,6`54``,5.04,34:48,619
329,Tuesday,April,3,2012,5`06``,5.04,36:17,618
330,Monday,April,9,2012,7`08``,5.03,35:55,641
331,Tuesday,April,10,2012,7`12``,5.1,36:43,622
332,Wednesday,April,11,2012,7`15``,5.05,36:36,616
333,Sunday,April,15,2012,7`18``,6.06,44:12,739
334,Monday,April,16,2012,7`15``,5.03,36:28,614
335,Tuesday,April,17,2012,7`21``,6.05,44:28,736
336,Wednesday,April,18,2012,7`13``,6.04,43:40,736
337,Monday,April,23,2012,6`59``,6.05,42:15,771
338,Tuesday,April,24,2012,7`07``,6.04,42:58,739
339,Wednesday,April,25,2012,7`17``,5.04,36:41,616
340,Thursday,April,26,2012,7`14``,5.04,36:26,615
341,Friday,April,27,2012,7`03``,5.06,35:41,619
342,Sunday,April,29,2012,7`03``,5.05,35:39,617
343,Monday,April,30,2012,7`10``,5.05,36:12,618
344,Sunday,May,6,2012,6`40``,5.04,33:37,620
345,Monday,May,7,2012,6`47``,5.15,34:59,632
346,Tuesday,May,8,2012,6`57``,5.05,35:11,619
347,Wednesday,May,9,2012,6`34``,5.04,33:09,644
348,Monday,May,14,2012,6`52``,5.06,34:48,646
349,Tuesday,May,15,2012,7`01``,5.05,35:30,618
350,Wednesday,May,16,2012,7`11``,5.07,36:27,620
351,Sunday,May,20,2012,6`50``,5.05,34:30,620
352,Monday,May,21,2012,7`13``,5.04,36:24,616
353,Tuesday,May,22,2012,7`13``,6.55,34:53,619
354,Wednesday,May,23,2012,7`07``,5.05,35:58,617
355,Monday,May,28,2012,7`08``,5.06,36:08,619
356,Tuesday,May,29,2012,7`07``,5.06,36:02,619
357,Wednesday,May,30,2012,7`19``,5.06,37:04,617
358,Saturday,June,2,2012,6`53``,5.22,35:58,641
359,Sunday,June,3,2012,6`57``,6.06,42:07,743
360,Monday,June,4,2012,7`01``,5.06,35:33,630
361,Tuesday,June,5,2012,7`12``,7.04,50:40,860
362,Wednesday,June,6,2012,7`14``,5.04,36:30,615
363,Saturday,June,9,2012,7`01``,5.05,35:29,620
364,Sunday,June,10,2012,7`00``,6.1,42:43,748
365,Monday,June,11,2012,6`58``,5.04,35:09,617
366,Tuesday,June,12,2012,7`15``,5.05,35:09,617
367,Wednesday,June,13,2012,7`04``,5.03,35:35,616
368,Tuesday,June,19,2012,6`48``,5.13,34:56,656
369,Wednesday,June,20,2012,7`13``,5.04,36:25,616
370,Saturday,June,23,2012,6`58``,5.03,35:04,641
371,Sunday,June,24,2012,6`37``,5.07,33:33,647
372,Monday,June,25,2012,6`55``,5.06,35:01,645
373,Tuesday,June,26,2012,6`50``,5.05,34:34,645
374,Saturday,June,30,2012,6`45``,5.05,34:07,645
375,Sunday,July,1,2012,6`36``,5.28,34:51,676
376,Monday,July,2,2012,6`51``,5.06,34:39,646
377,Tuesday,July,3,2012,6`34``,5.06,33:13,648
378,Wednesday,July,4,2012,6`46``,5.06,34:16,646
379,Sunday,July,8,2012,6`54``,5.04,34:46,642
380,Monday,July,9,2012,6`42``,5.05,33:53,646
381,Tuesday,July,10,2012,6`44``,5.28,35:36,676
382,Wednesday,July,11,2012,6`48``,5.27,35:51,672
383,Saturday,July,14,2012,6`47``,5.04,34:13,645
384,Sunday,July,15,2012,6`46``,6.28,42:29,802
385,Monday,July,16,2012,6`30``,5.06,32:52,649
386,Tuesday,July,17,2012,6`36``,6.25,41:18,800
387,Wednesday,July,18,2012,6`44``,6.25,42:07,799
388,Saturday,July,21,2012,6`38``,6.26,41:36,802
389,Sunday,July,22,2012,6`43``,6.28,42:15,803
390,Monday,July,23,2012,6`43``,6.25,42:03,800
391,Tuesday,July,24,2012,6`35``,6.28,41:22,804
392,Wednesday,July,25,2012,6`37``,6.28,41:34,804
393,Sunday,July,29,2012,6`42``,5.07,33:59,648
394,Monday,July,30,2012,6`35``,6.28,41:25,804
395,Tuesday,July,31,2012,6`38``,6.27,41:37,801
396,Wednesday,August,1,2012,6`44``,6.29,42:21,804
397,Monday,August,6,2012,6`40``,7.22,48:08,924
398,Tuesday,August,7,2012,6`37``,7.26,48:07,930
399,Wednesday,August,8,2012,6`27``,6.25,40:19,802
400,Sunday,August,19,2012,6`44``,5.07,34:09,647
401,Monday,August,20,2012,6`44``,6.28,42:20,801
402,Wednesday,August,22,2012,6`47``,6.28,42:42,803
403,Saturday,August,25,2012,6`57``,6.26,43:29,798
404,Sunday,August,26,2012,6`57``,5.09,35:24,647
405,Monday,August,27,2012,6`50``,6.22,42:32,793
406,Tuesday,August,28,2012,6`55``,5.51,38:07,701
407,Wednesday,August,29,2012,6`58``,5.04,35:11,642
408,Saturday,September,1,2012,6`51``,5.05,34:35,644
409,Sunday,September,2,2012,6`36``,5.08,33:33,649
410,Monday,September,3,2012,6`51``,5.05,34:38,645
411,Tuesday,September,4,2012,6`51``,5.08,34:52,648
412,Wednesday,September,5,2012,7`02``,5.05,35:32,643
413,Saturday,September,15,2012,6`57``,5.04,35:03,642
414,Saturday,September,22,2012,6`43``,5.03,33:48,642
415,Sunday,September,23,2012,6`47``,5.05,34:17,644
416,Monday,September,24,2012,6`55``,5.04,34:50,643
417,Tuesday,September,25,2012,6`52``,5.08,34:55,648
418,Wednesday,September,26,2012,6`49``,5.05,34:27,645
419,Saturday,September,29,2012,6`52``,5.06,34:42,645
420,Sunday,September,30,2012,6`36``,5.05,33:20,645
421,Monday,October,1,2012,6`48``,5.3,36:06,677
422,Tuesday,October,2,2012,6`58``,5.31,37:02,677
423,Wednesday,October,3,2012,6`49``,5.32,36:19,680
424,Saturday,October,6,2012,6`57``,5.32,37:01,678
425,Sunday,October,7,2012,6`53``,5.08,35:00,648
426,Monday,October,8,2012,6`45``,5.06,34:11,646
427,Tuesday,October,9,2012,6`41``,5.06,33:48,646
428,Wednesday,October,10,2012,6`39``,5.04,33:33,645
429,Saturday,October,13,2012,7`00``,5.07,35:31,644
430,Sunday,October,14,2012,7`03``,5.08,35:50,647
431,Monday,October,15,2012,7`07``,5.07,36:05,644
432,Tuesday,October,16,2012,6`57``,5.07,35:14,644
433,Wednesday,October,17,2012,6`52``,5.08,34:53,648
434,Sunday,October,21,2012,6`55``,5.08,35:12,647
435,Monday,October,22,2012,6`48``,5.07,34:31,647
436,Tuesday,October,23,2012,6`52``,5.07,34:48,646
437,Wednesday,October,24,2012,6`41``,5.05,33:47,645
438,Monday,October,29,2012,6`55``,5.06,35:02,645
439,Tuesday,October,30,2012,6`45``,5.07,34:14,647
440,Wednesday,October,31,2012,6`45``,5.09,34:20,650
441,Saturday,November,3,2012,6`59``,5.07,35:23,646
442,Sunday,November,4,2012,6`48``,5.13,34:52,655
443,Monday,November,5,2012,6`59``,5.08,35:32,647
444,Tuesday,November,6,2012,7`07``,5.06,36:02,644
445,Saturday,November,10,2012,6`57``,5.08,35:23,648
446,Sunday,November,11,2012,6`51``,5.08,34:49,648
447,Monday,November,12,2012,6`49``,5.09,34:46,650
448,Tuesday,November,13,2012,7`01``,5.09,35:44,648
449,Wednesday,November,14,2012,6`39``,5.06,33:41,647
450,Sunday,November,18,2012,6`56``,5.06,35:05,645
451,Monday,November,19,2012,7`01``,5.08,35:40,647
452,Tuesday,November,20,2012,7`00``,5.08,35:35,647
453,Wednesday,November,21,2012,6`49``,5.09,34:45,650
454,Sunday,November,25,2012,6`58``,6.07,42:16,773
455,Monday,November,26,2012,6`57``,5.09,35:28,649
456,Tuesday,November,27,2012,6`59``,5.07,35:29,646
457,Wednesday,November,28,2012,6`53``,5.08,35:00,647
458,Sunday,December,2,2012,6`51``,5.07,34:45,647
459,Monday,December,3,2012,7`04``,5.07,35:50,645
460,Tuesday,December,4,2012,6`59``,5.07,35:23,646
461,Sunday,December,9,2012,6`53``,5.08,34:57,648
462,Monday,December,10,2012,6`52``,5.07,34:52,647
463,Tuesday,December,11,2012,6`53``,5.07,34:56,647
464,Wednesday,December,12,2012,7`04``,5.08,35:55,647
465,Tuesday,December,18,2012,7`03``,5.09,35:57,649
466,Wednesday,December,19,2012,6`56``,5.09,35:17,648
467,Saturday,December,29,2012,7`09``,5.09,36:29,646
468,Monday,December,31,2012,7`07``,5.3,37:48,675
469,Tuesday,January,1,2013,7`02``,5.06,35:38,644
470,Saturday,January,5,2013,6`58``,5.08,35:24,647
471,Sunday,January,6,2013,7`04``,5.07,35:48,645
472,Monday,January,7,2013,7`08``,5.09,36:20,647
473,Tuesday,January,8,2013,6`55``,5.09,35:14,649
474,Wednesday,January,9,2013,7`00``,5.07,35:31,645
475,Saturday,January,12,2013,7`07``,5.09,36:12,646
476,Sunday,January,13,2013,7`02``,4.08,28:44,519
477,Monday,January,14,2013,7`15``,4.08,29:38,518
478,Tuesday,January,15,2013,7`03``,5.07,35:48,645
479,Wednesday,January,16,2013,8`48``,5.05,44:26,639
480,Saturday,January,19,2013,7`01``,5.09,35:46,649
481,Sunday,January,20,2013,7`00``,5.08,35:36,648
482,Monday,January,21,2013,6`51``,5.09,34:51,649
483,Tuesday,January,22,2013,7`07``,5.1,36:19,648
484,Wednesday,January,23,2013,7`06``,5.08,36:05,646
485,Saturday,January,26,2013,7`04``,6.06,42:50,771
486,Sunday,January,27,2013,6`57``,5.09,35:23,649
487,Monday,January,28,2013,7`06``,5.1,36:15,648
488,Tuesday,January,29,2013,7`07``,5.15,36:44,655
489,Wednesday,January,30,2013,7`04``,5.09,35:59,647
490,Saturday,February,2,2013,7`03``,5.1,35:59,649
491,Sunday,February,3,2013,6`59``,5.09,35:36,649
492,Monday,February,4,2013,7`05``,5.08,36:02,647
493,Tuesday,February,5,2013,7`03``,5.08,35:53,647
494,Wednesday,February,6,2013,7`03``,5.08,35:49,646
495,Sunday,February,10,2013,6`56``,5.09,35:19,649
496,Monday,February,11,2013,7`06``,5.12,36:23,651
497,Tuesday,February,12,2013,6`56``,5.09,35:22,649
498,Wednesday,February,13,2013,7`03``,5.1,35:56,649
499,Saturday,February,16,2013,7`01``,5.1,35:47,648
500,Sunday,February,17,2013,7`04``,5.12,36:10,651
501,Monday,February,18,2013,7`02``,5.08,35:45,646
502,Tuesday,February,19,2013,7`08``,5.08,36:16,645
503,Wednesday,February,20,2013,7`07``,6.05,43:07,769
504,Saturday,February,23,2013,6`54``,5.08,35:06,648
505,Sunday,February,24,2013,6`48``,5.07,34:32,648
506,Monday,February,25,2013,7`06``,5.08,36:07,646
507,Tuesday,February,26,2013,6`59``,5.11,35:45,651
508,Wednesday,February,27,2013,7`00``,5.06,35:27,644
509,Sunday,March,3,2013,7`00``,5.22,36:34,665
510,Monday,March,4,2013,7`05``,5.07,35:55,645
511,Tuesday,March,5,2013,7`04``,5.09,35:57,647
512,Wednesday,March,6,2013,7`02``,5.09,35:49,648
513,Sunday,March,10,2013,6`55``,6.08,42:05,775
514,Monday,March,11,2013,7`05``,5.09,36:05,647
515,Tuesday,March,12,2013,7`07``,5.08,36:12,646
516,Wednesday,March,13,2013,7`11``,5.09,36:36,646
517,Sunday,March,17,2013,7`02``,3.92,27:34,499
518,Monday,March,18,2013,7`11``,5.07,36:28,644
519,Tuesday,March,19,2013,6`55``,5.09,35:12,648
520,Wednesday,March,20,2013,6`58``,5.07,35:20,646
521,Sunday,March,24,2013,6`54``,5.08,35:05,648
522,Monday,March,25,2013,7`07``,5.09,36:13,647
523,Tuesday,March,26,2013,7`02``,5.13,36:09,653
524,Wednesday,March,27,2013,7`04``,5.09,35:59,648
525,Sunday,March,31,2013,6`53``,5.06,34:53,646
526,Monday,April,1,2013,7`17``,5.09,37:04,645
527,Tuesday,April,2,2013,7`01``,5.08,35:38,647
528,Wednesday,April,3,2013,7`09``,5.06,36:10,643
529,Saturday,April,6,2013,7`03``,5.07,35:45,645
530,Sunday,April,7,2013,7`03``,5.09,35:53,647
531,Monday,April,8,2013,7`02``,5.06,35:40,644
532,Tuesday,April,9,2013,6`56``,5.07,35:11,646
533,Wednesday,April,10,2013,7`08``,5.09,36:17,647
534,Sunday,April,14,2013,6`58``,5.09,35:26,648
535,Monday,April,15,2013,7`10``,5.09,36:29,645
536,Tuesday,April,16,2013,7`10``,2.61,18:44,332
537,Tuesday,April,16,2013,7`00``,3.09,21:42,394
538,Wednesday,April,17,2013,7`08``,5.07,36:12,645
539,Monday,April,22,2013,7`20``,5.09,37:20,645
540,Tuesday,April,23,2013,7`11``,5.09,36:35,646
541,Sunday,April,28,2013,7`00``,5.06,35:26,644
542,Monday,April,29,2013,7`00``,5.06,35:28,645
543,Tuesday,April,30,2013,7`00``,5.08,35:35,646
544,Wednesday,May,1,2013,6`55``,5.06,35:03,645
545,Monday,May,6,2013,7`08``,5.07,36:13,644
546,Tuesday,May,7,2013,7`08``,5.07,36:13,644
547,Wednesday,May,8,2013,6`59``,5.09,35:31,648
548,Sunday,May,12,2013,7`07``,5.38,38:17,684
549,Monday,May,13,2013,6`55``,5.09,35:16,649
550,Tuesday,May,14,2013,6`57``,5.08,35:18,647
551,Wednesday,May,15,2013,7`03``,5.08,35:48,647
552,Sunday,May,19,2013,6`55``,5.08,35:09,648
553,Monday,May,20,2013,6`54``,5.08,35:03,648
554,Tuesday,May,21,2013,6`52``,5.06,34:45,646
555,Wednesday,May,22,2013,6`52``,5.08,34:56,648
556,Monday,May,27,2013,6`53``,5.1,35:07,650
557,Tuesday,May,28,2013,7`03``,5.06,35:40,644
558,Wednesday,May,29,2013,7`08``,5.07,36:09,644
559,Sunday,June,2,2013,7`02``,5.08,35:44,646
560,Tuesday,June,4,2013,6`57``,5.08,35:18,648
561,Wednesday,June,5,2013,6`57``,5.07,35:15,646
562,Saturday,June,8,2013,6`42``,6.05,40:35,773
563,Sunday,June,9,2013,6`44``,6.07,40:53,776
564,Monday,June,10,2013,5`10``,6.07,35:36,650
565,Tuesday,June,11,2013,6`38``,5.07,33:40,648
566,Wednesday,June,12,2013,6`47``,5.06,34:21,647
567,Saturday,June,15,2013,6`36``,6.09,40:14,779
568,Monday,June,17,2013,6`46``,5.07,34:18,648
569,Monday,July,1,2013,6`47``,5.07,34:26,648
570,Tuesday,July,2,2013,6`36``,5.09,33:41,652
571,Wednesday,July,3,2013,6`45``,5.09,34:22,650
572,Sunday,July,7,2013,6`46``,5.08,34:26,650
573,Monday,July,8,2013,6`46``,5.08,34:27,649
574,Tuesday,July,9,2013,6`41``,5.09,34:01,651
575,Wednesday,July,10,2013,6`54``,5.07,35:02,647
576,Sunday,July,14,2013,6`46``,5.08,34:26,649
577,Monday,July,15,2013,6`42``,5.08,34:03,649
578,Tuesday,July,16,2013,6`53``,5.07,34:52,646
579,Sunday,July,21,2013,6`37``,5.08,33:37,649
580,Monday,July,22,2013,6`42``,5.08,34:03,649
581,Tuesday,July,23,2013,6`49``,5.07,34:33,647
582,Friday,July,26,2013,6`43``,5.06,33:59,647
583,Sunday,July,28,2013,6`29``,5.1,33:59,653
584,Monday,July,29,2013,6`35``,5.09,33:30,651
585,Tuesday,July,30,2013,6`40``,5.32,35:30,680
586,Saturday,August,17,2013,6`44``,5.07,34:10,647
587,Sunday,August,18,2013,6`44``,5.09,34:15,651
588,Monday,August,19,2013,6`42``,5.07,33:57,648
589,Tuesday,August,20,2013,6`50``,5.06,34:37,645
590,Saturday,August,24,2013,7`01``,5.33,37:25,679
591,Sunday,August,25,2013,6`41``,5.33,35:40,682
592,Monday,August,26,2013,6`48``,5.32,36:15,680
593,Tuesday,August,27,2013,6`49``,5.08,34:37,648
594,Wednesday,August,28,2013,6`49``,5.09,34:43,650
595,Saturday,August,31,2013,7`05``,5.08,36:02,646
596,Sunday,September,1,2013,7`00``,5.08,35:35,647
597,Monday,September,2,2013,6`49``,5.08,34:39,648
598,Tuesday,September,3,2013,6`47``,5.09,34:35,650
599,Wednesday,September,4,2013,6`59``,5.08,35:32,648
600,Saturday,September,7,2013,7`02``,5.06,35:38,644
601,Sunday,September,8,2013,7`02``,5.1,35:51,649
602,Monday,September,9,2013,7`06``,5.1,36:15,649
603,Tuesday,September,10,2013,7`12``,5.08,36:39,645
604,Wednesday,September,11,2013,7`13``,5.15,37:14,654
605,Tuesday,September,17,2013,6`56``,5.08,35:12,648
606,Wednesday,September,18,2013,6`49``,5.08,34:41,649
607,Sunday,September,22,2013,7`13``,5.1,36:48,646
608,Monday,September,23,2013,7`05``,5.05,35:48,641
609,Tuesday,September,24,2013,7`05``,5.12,36:17,650
610,Wednesday,September,25,2013,7`24``,5.07,37:32,640
611,Saturday,September,28,2013,7`24``,5.08,37:38,642
612,Sunday,September,29,2013,7`12``,5.04,36:20,639
613,Monday,September,30,2013,7`21``,5.09,37:27,645
614,Tuesday,October,1,2013,7`11``,5.05,36:16,640
615,Wednesday,October,2,2013,7`25``,5.07,37:34,640
616,Saturday,October,5,2013,7`21``,5.04,37:03,637
617,Sunday,October,6,2013,7`14``,3.91,28:17,495
618,Sunday,October,6,2013,7`13``,1.56,11:16,198
619,Monday,October,7,2013,7`09``,5.07,36:16,644
620,Tuesday,October,8,2013,7`11``,5.08,36:35,645
621,Wednesday,October,9,2013,7`23``,5.06,37:26,641
622,Sunday,October,13,2013,7`11``,5.07,36:26,643
623,Monday,October,14,2013,7`15``,5.08,36:52,643
624,Tuesday,October,15,2013,7`12``,5.06,36:28,641
625,Wednesday,October,16,2013,7`23``,5.06,37:26,641
626,Saturday,October,19,2013,7`24``,5.1,37:46,645
627,Sunday,October,20,2013,7`12``,5.06,36:27,641
628,Monday,October,21,2013,7`17``,5.08,37:01,643
629,Tuesday,October,22,2013,7`22``,5.07,37:24,641
630,Wednesday,October,23,2013,7`15``,5.09,36:56,645
631,Sunday,October,27,2013,7`10``,5.09,36:26,645
632,Monday,October,28,2013,7`09``,5.09,36:26,645
633,Tuesday,October,29,2013,7`25``,5.07,37:40,640
634,Wednesday,October,30,2013,7`19``,5.09,37:18,645
635,Sunday,November,3,2013,7`12``,5.09,36:36,644
636,Monday,November,4,2013,7`21``,5.12,37:42,647
637,Tuesday,November,5,2013,7`28``,5.06,37:48,641
638,Saturday,November,9,2013,7`17``,5.26,38:17,665
639,Sunday,November,10,2013,7`20``,5.32,39:04,674
640,Monday,November,11,2013,7`23``,5.08,37:33,643
641,Tuesday,November,12,2013,7`29``,5.1,38:09,644
642,Tuesday,November,12,2013,7`26``,5.05,37:35,639
643,Sunday,November,17,2013,7`17``,5.07,37:01,642
644,Monday,November,18,2013,7`24``,5.07,37:33,642
645,Wednesday,November,20,2013,7`29``,5.06,37:55,641
646,Sunday,November,24,2013,7`22``,5.06,37:18,641
647,Monday,November,25,2013,7`24``,5.07,37:35,642
648,Tuesday,November,26,2013,7`23``,5.08,37:34,642
649,Wednesday,November,27,2013,7`21``,5.09,37:28,644
650,Saturday,November,30,2013,7`27``,5.07,37:51,642
651,Monday,December,2,2013,7`32``,5.08,38:21,643
652,Wednesday,December,4,2013,7`25``,5.08,37:42,643
653,Friday,December,6,2013,7`17``,5.07,36:56,643
654,Saturday,December,7,2013,7`24``,5.07,37:35,642
655,Sunday,December,8,2013,7`22``,5.08,37:26,644
656,Monday,December,9,2013,7`54``,5.33,42:07,669
657,Tuesday,December,10,2013,7`28``,5.07,37:52,642
658,Wednesday,December,11,2013,7`34``,5.09,38:34,643
659,Monday,December,16,2013,7`19``,5.05,37:02,640
660,Tuesday,December,17,2013,7`20``,5.06,37:06,641
661,Wednesday,December,18,2013,7`14``,5.06,36:40,643
662,Sunday,December,22,2013,7`23``,5.07,37:26,642
663,Monday,December,23,2013,7`23``,5.06,37:22,641
664,Saturday,December,28,2013,7`25``,5.05,37:28,639
665,Sunday,December,29,2013,7`14``,5.08,36:48,644
666,Monday,December,30,2013,7`31``,5.09,38:19,644
667,Tuesday,December,31,2013,7`29``,5.07,37:57,641
668,Saturday,January,4,2014,7`25``,5.07,37:38,641
669,Sunday,January,5,2014,7`05``,5.08,36:04,645
670,Monday,January,6,2014,7`26``,5.07,37:40,642
671,Tuesday,January,7,2014,7`26``,5.1,37:59,646
672,Wednesday,January,8,2014,7`19``,5.08,37:12,643
673,Saturday,January,11,2014,7`22``,5.07,37:20,642
674,Sunday,January,12,2014,7`15``,5.06,36:44,641
675,Monday,January,13,2014,7`20``,5.09,37:25,645
676,Tuesday,January,14,2014,7`29``,5.09,38:09,644
677,Wednesday,January,15,2014,7`20``,5.12,37:33,647
678,Saturday,January,18,2014,7`32``,3.27,24:41,414
679,Saturday,January,18,2014,7`27``,2.39,17:49,302
680,Sunday,January,19,2014,7`18``,5.2,37:58,658
681,Tuesday,January,21,2014,7`22``,5.25,38:44,664
682,Wednesday,January,22,2014,7`19``,5.41,39:34,684
683,Saturday,January,25,2014,7`24``,5.11,37:51,646
684,Sunday,January,26,2014,7`22``,5.57,41:03,705
685,Monday,January,27,2014,7`08``,5.07,36:14,643
686,Tuesday,January,28,2014,7`18``,5.1,37:15,645
687,Wednesday,January,29,2014,7`13``,5.36,38:43,679
688,Saturday,February,1,2014,7`19``,5.25,38:28,665
689,Sunday,February,2,2014,7`19``,5.08,37:12,644
690,Monday,February,3,2014,7`19``,5.38,39:27,681
691,Tuesday,February,4,2014,7`19``,5.2,38:02,658
692,Wednesday,February,5,2014,7`30``,5.17,38:49,653
693,Saturday,February,8,2014,7`17``,5.09,37:04,644
694,Sunday,February,9,2014,7`10``,5.5,39:24,698
695,Monday,February,10,2014,7`22``,5.27,38:52,667
696,Tuesday,February,11,2014,7`17``,5.08,37:02,643
697,Wednesday,February,12,2014,7`20``,5.3,38:53,670
698,Saturday,February,15,2014,7`16``,5.1,37:04,646
699,Sunday,February,16,2014,7`11``,5.39,38:49,684
700,Tuesday,February,18,2014,7`18``,5.31,38:47,672
701,Wednesday,February,19,2014,7`20``,5.62,41:14,712
702,Saturday,February,22,2014,7`14``,5.71,41:24,724
703,Sunday,February,23,2014,7`19``,5.63,41:13,712
704,Monday,February,24,2014,7`23``,5.65,41:45,715
705,Tuesday,February,25,2014,7`19``,5.69,41:40,721
706,Wednesday,February,26,2014,7`17``,5.66,41:12,716
707,Saturday,March,1,2014,7`12``,6.26,45:10,793
708,Sunday,March,2,2014,7`14``,6.31,45:40,799
709,Monday,March,3,2014,7`26``,5.34,39:42,676
710,Tuesday,March,4,2014,7`20``,5.63,41:15,712
711,Wednesday,March,5,2014,7`23``,5.66,41:50,715
712,Sunday,March,9,2014,7`13``,5.61,40:33,711
713,Monday,March,10,2014,7`25``,5.63,41:47,710
714,Tuesday,March,11,2014,7`09``,6.02,43:05,763
715,Wednesday,March,12,2014,7`21``,5.06,37:16,640
716,Saturday,March,15,2014,6`55``,6.16,42:39,784
717,Sunday,March,16,2014,7`02``,6.06,42:37,770
718,Monday,March,17,2014,7`03``,5.09,35:57,647
719,Tuesday,March,18,2014,6`36``,5.09,33:38,651
720,Wednesday,March,19,2014,7`01``,5.12,35:58,651
721,Saturday,March,22,2014,6`54``,6.07,41:54,774
722,Sunday,March,23,2014,6`38``,6.06,40:12,775
723,Monday,March,24,2014,6`56``,7.03,48:42,895
724,Tuesday,March,25,2014,6`46``,6.08,41:11,776
725,Wednesday,March,26,2014,7`11``,6.14,44:07,778
726,Monday,March,31,2014,7`32``,5.17,38:56,653
727,Saturday,April,5,2014,7`18``,6.28,45:55,797
728,Sunday,April,6,2014,7`04``,6.33,44:49,805
729,Wednesday,April,9,2014,7`13``,6.44,46:31,817
730,Friday,April,11,2014,7`01``,7.11,49:54,902
731,Sunday,April,13,2014,7`17``,7.11,44:29,736
732,Monday,April,14,2014,7`13``,6.19,44:41,746
733,Thursday,April,17,2014,7`11``,6.24,44:50,752
734,Sunday,April,20,2014,6`56``,6.27,43:31,754
735,Saturday,April,26,2014,7`03``,7.04,49:39,848
736,Tuesday,April,29,2014,6`49``,7.06,48:12,849
737,Thursday,May,1,2014,6`57``,6.35,44:12,765
738,Sunday,May,4,2014,6`57``,6.49,45:06,780
739,Wednesday,May,7,2014,7`00``,6.36,44:35,766
740,Friday,May,9,2014,7`08``,6.39,45:37,769
741,Sunday,May,11,2014,6`58``,6.42,45:37,773
742,Wednesday,May,14,2014,6`50``,7.08,48:27,852
743,Tuesday,May,20,2014,6`48``,6.01,40:52,722
744,Friday,May,23,2014,6`53``,7.29,50:11,877
745,Monday,May,26,2014,6`59``,5.14,35:53,619
746,Wednesday,May,28,2014,6`40``,7.09,47:22,852
747,Friday,May,30,2014,6`45``,6.03,40:41,724
748,Sunday,June,1,2014,6`58``,6.04,42:07,727
749,Tuesday,June,3,2014,7`06``,6.08,43:15,733
750,Thursday,June,5,2014,6`49``,7,47:44,842
751,Saturday,June,7,2014,6`57``,6.22,43:19,749
752,Monday,June,9,2014,6`50``,7.03,48:06,845
753,Friday,June,13,2014,6`45``,7.17,48:30,862
754,Saturday,June,14,2014,7`10``,6.26,44:56,755
755,Monday,June,16,2014,6`55``,6.12,42:21,736
756,Wednesday,June,18,2014,6`48``,6.07,41:20,729
757,Friday,June,20,2014,7`06``,6.1,43:18,734
758,Monday,June,23,2014,6`55``,6.17,42:41,742
759,Wednesday,June,25,2014,6`46``,5.02,34:00,603
760,Friday,June,27,2014,7`03``,5.76,40:39,694
761,Sunday,June,29,2014,6`58``,6.04,42:06,727
762,Wednesday,July,2,2014,7`01``,6.11,42:52,735
763,Friday,July,4,2014,6`53``,5.19,35:48,625
764,Monday,July,7,2014,7`10``,6.02,43:10,726
765,Wednesday,July,9,2014,6`54``,6.03,41:35,725
766,Friday,July,11,2014,7`06``,6.08,43:14,732
767,Tuesday,July,15,2014,6`58``,6.02,42:01,725
768,Thursday,July,17,2014,7`00``,6.01,42:08,723
769,Monday,July,21,2014,7`03``,6.02,42:32,725
770,Wednesday,July,23,2014,6`58``,6.03,42:01,725
771,Friday,July,25,2014,7`15``,6.07,44:05,732
772,Monday,July,28,2014,7`13``,6.07,43:49,732
773,Wednesday,July,30,2014,6`53``,6.05,41:36,727
774,Friday,August,1,2014,7`01``,6.21,43:32,747
775,Sunday,August,3,2014,7`06``,6.22,43:23,736
776,Tuesday,August,5,2014,7`03``,6.03,42:33,726
777,Friday,August,8,2014,7`04``,5.24,37:04,726
778,Sunday,August,10,2014,7`00``,6.2,43:25,746
779,Wednesday,August,13,2014,7`02``,6.12,43:06,737
780,Friday,August,15,2014,6`07``,6.53,41:46,729
781,Monday,August,18,2014,7`06``,6.08,43:13,732
782,Thursday,August,21,2014,6`58``,6.14,42:47,739
783,Saturday,August,23,2014,7`09``,5.1,36:31,614
784,Thursday,August,28,2014,6`56``,6.24,43:16,751
785,Saturday,August,30,2014,7`02``,5.94,41:49,715
786,Thursday,September,4,2014,6`56``,7.04,48:54,847
787,Saturday,September,6,2014,7`13``,6.08,43:56,733
788,Tuesday,September,9,2014,7`08``,7.03,50:07,847
789,Friday,September,12,2014,7`15``,6.14,44:35,740
790,Tuesday,September,16,2014,7`01``,6.15,43:08,740
791,Saturday,April,18,2015,7`22``,3.82,28:09,461
792,Wednesday,April,29,2015,7`19``,4.75,34:50,573
793,Saturday,February,20,2016,8`25``,3.33,28:07,405
794,Wednesday,February,22,2017,8`24``,3.07,25:50,448
795,Thursday,March,9,2017,8`04``,3.22,26:01,473
796,Tuesday,March,21,2017,8`10``,3.21,26:14,468
797,Wednesday,March,22,2017,8`02``,3.1,25:00,455
798,Thursday,March,23,2017,8`01``,3.08,24:44,453
799,Friday,March,24,2017,7`51``,3.02,23:44,444
800,Monday,March,27,2017,7`52``,3.32,26:08,487
801,Tuesday,March,28,2017,8`09``,3.1,25:19,454
802,Wednesday,March,29,2017,8`00``,3.11,24:58,457
803,Friday,March,31,2017,7`55``,3.09,24:31,454
804,Sunday,April,2,2017,7`39``,3.23,24:47,477
805,Monday,April,3,2017,7`50``,3.34,26:10,489
806,Saturday,April,8,2017,7`45``,3.4,26:23,501
807,Sunday,April,9,2017,7`56``,3.25,25:49,477
808,Monday,April,10,2017,7`48``,3.11,24:16,458
809,Friday,April,14,2017,7`59``,3.32,26:31,488
810,Saturday,April,15,2017,7`56``,3.17,25:13,466
811,Sunday,April,16,2017,8`05``,3.24,26:16,476
812,Monday,April,17,2017,8`07``,3.15,25:35,461
813,Tuesday,April,18,2017,8`11``,3.15,25:49,461
814,Wednesday,April,19,2017,7`56``,3.31,26:16,485
815,Thursday,April,20,2017,7`58``,3.18,25:24,468
816,Friday,April,21,2017,7`42``,3.13,24:09,462
817,Saturday,April,22,2017,7`46``,3.27,25:28,481
818,Sunday,April,23,2017,7`39``,3.18,24:23,469
819,Monday,April,24,2017,7`46``,3.14,24:24,462
820,Tuesday,April,25,2017,7`44``,3.22,24:53,474
821,Wednesday,April,26,2017,7`58``,3.11,24:49,458
822,Thursday,April,27,2017,7`54``,3.17,25:02,466
823,Friday,April,28,2017,7`47``,3.2,24:58,472
824,Saturday,April,29,2017,7`52``,3.23,25:27,475
825,Sunday,April,30,2017,7`36``,3.21,24:25,473
826,Monday,May,1,2017,7`44``,3.06,23:41,451
827,Tuesday,May,2,2017,7`37``,3.15,24:04,465
828,Wednesday,May,3,2017,7`22``,3.18,23:30,471
829,Thursday,May,4,2017,7`30``,3.27,24:33,484
830,Friday,May,5,2017,7`34``,3.27,24:43,482
831,Saturday,May,6,2017,7`35``,3.3,25:03,486
832,Sunday,May,7,2017,7`30``,3.26,24:31,481
833,Monday,May,8,2017,7`32``,3.21,24:13,474
834,Tuesday,May,9,2017,7`35``,3.17,24:07,468
835,Wednesday,May,10,2017,7`18``,3.35,24:31,495
836,Thursday,May,11,2017,7`16``,3.23,23:30,478
837,Friday,May,12,2017,7`13``,3.17,22:52,469
838,Saturday,May,13,2017,7`18``,3.12,22:50,462
839,Sunday,May,14,2017,7`27``,3.28,24:27,484
840,Monday,May,15,2017,7`14``,3.16,22:55,469
841,Wednesday,May,17,2017,7`27``,3.2,23:52,472
842,Thursday,May,18,2017,7`31``,3.1,23:17,458
843,Friday,May,19,2017,7`19``,3.06,22:22,453
844,Saturday,May,20,2017,7`14``,3.24,23:25,479
845,Sunday,May,21,2017,7`42``,3.25,25:02,478
846,Monday,May,22,2017,7`24``,3.19,23:38,472
847,Tuesday,May,23,2017,7`25``,3.37,24:18,484
848,Wednesday,May,24,2017,7`09``,3.23,23:09,480
849,Thursday,May,25,2017,7`09``,3.16,22:41,469
850,Friday,May,26,2017,7`14``,3.16,22:56,469
851,Saturday,May,27,2017,7`19``,3.19,23:20,471
852,Monday,May,29,2017,7`30``,3.26,24:29,481
853,Tuesday,May,30,2017,7`16``,3.06,22:16,453
854,Wednesday,May,31,2017,7`26``,3.17,23:32,468
855,Friday,June,2,2017,7`13``,3.25,23:30,482
856,Saturday,June,3,2017,7`11``,3.28,23:35,485
857,Sunday,June,4,2017,7`40``,3.18,24:27,468
858,Monday,June,5,2017,7`19``,3.21,23:32,474
859,Tuesday,June,6,2017,7`13``,3.15,22:46,468
860,Wednesday,June,7,2017,7`31``,3.23,24:18,477
861,Thursday,June,8,2017,6`55``,3.09,21:26,460
862,Friday,June,9,2017,7`10``,3.24,23:16,481
863,Saturday,June,10,2017,7`11``,3.16,22:45,468
864,Sunday,June,11,2017,7`25``,3.28,24:20,484
865,Sunday,June,11,2017,6`58``,1.43,09:58,213
866,Monday,June,12,2017,7`30``,3.07,23:06,454
867,Tuesday,June,13,2017,7`29``,3.6,26:58,532
868,Wednesday,June,14,2017,7`30``,4.07,30:34,600
869,Thursday,June,15,2017,7`45``,5.52,42:51,812
870,Friday,June,16,2017,7`10``,3.07,22:01,439
871,Saturday,June,17,2017,7`21``,3.26,24:03,465
872,Sunday,June,18,2017,7`32``,3.36,25:20,478
873,Tuesday,June,20,2017,7`02``,3.22,22:41,462
874,Wednesday,June,21,2017,7`55``,14.08,01:51:32,1984
875,Thursday,June,22,2017,6`52``,3.02,20:42,432
876,Friday,June,23,2017,7`09``,1.77,12:42,250
877,Saturday,June,24,2017,7`37``,10.1,01:16:54,1432
878,Sunday,June,25,2017,7`21``,3.22,23:42,459
879,Monday,June,26,2017,6`48``,3.21,21:51,462
880,Tuesday,June,27,2017,6`58``,3.32,23:12,474
881,Wednesday,June,28,2017,7`49``,10.04,01:18:29,1420
882,Friday,June,30,2017,6`56``,3.15,21:52,450
883,Saturday,July,1,2017,6`30``,2.79,18:10,402
884,Sunday,July,2,2017,7`58``,10.6,01:24:32,1498
885,Tuesday,July,4,2017,6`55``,3.31,22:58,475
886,Wednesday,July,5,2017,7`05``,3.14,22:18,450
887,Thursday,July,6,2017,7`05``,3.07,21:46,440
888,Friday,July,7,2017,7`37``,2.34,17:42,334
889,Tuesday,July,11,2017,6`56``,3.24,22:31,465
890,Wednesday,July,12,2017,7`09``,3.34,23:57,478
891,Friday,July,14,2017,7`28``,6.23,46:29,885
892,Saturday,July,15,2017,7`27``,4.01,29:56,571
893,Sunday,July,16,2017,7`11``,3.32,23:51,474
894,Monday,July,17,2017,6`50``,3.15,21:33,452
895,Tuesday,July,18,2017,7`06``,3.42,24:19,490
896,Wednesday,July,19,2017,7`02``,3.13,22:02,448
897,Thursday,July,20,2017,7`31``,6.23,46:51,886
898,Friday,July,21,2017,7`13``,3.19,23:01,454
899,Saturday,July,22,2017,8`04``,10.02,01:20:53,1413
900,Sunday,July,23,2017,7`43``,6.21,47:57,881
901,Monday,July,24,2017,7`01``,3.16,22:11,452
902,Tuesday,July,25,2017,7`21``,3.17,23:21,451
903,Thursday,July,27,2017,7`04``,3.32,23:29,474
904,Friday,July,28,2017,6`54``,3.19,22:02,458
905,Saturday,July,29,2017,7`39``,10.06,01:16:59,1426
906,Monday,July,31,2017,7`02``,3.13,22:02,448
907,Tuesday,August,1,2017,7`09``,3.13,22:24,448
908,Wednesday,August,2,2017,7`36``,6.36,48:23,904
909,Thursday,August,3,2017,7`10``,3.12,22:25,446
910,Friday,August,4,2017,7`30``,3.19,23:58,454
911,Monday,August,7,2017,7`46``,3.14,24:25,446
912,Tuesday,August,8,2017,7`23``,3.16,23:22,450
913,Thursday,August,10,2017,7`31``,3.12,23:29,444
914,Friday,August,11,2017,7`16``,3.14,22:53,449
915,Saturday,September,2,2017,7`39``,3.21,24:36,456
916,Sunday,September,24,2017,7`43``,3.22,24:51,456
917,Sunday,October,29,2017,8`01``,3.18,25:30,450
918,Thursday,November,2,2017,7`46``,3.08,23:57,437
919,Sunday,November,5,2017,7`37``,3.17,24:10,451
920,Sunday,January,21,2018,8`18``,1.68,14:00,238
921,Thursday,January,25,2018,8`07``,1.51,12:18,214
922,Saturday,January,27,2018,8`03``,1.68,13:35,238
923,Wednesday,January,31,2018,7`56``,0.98,07:47,139
924,Saturday,February,17,2018,8`10``,1.6,13:07,227
925,Tuesday,February,20,2018,8`08``,1.65,13:28,234
926,Sunday,February,25,2018,7`58``,1.68,13:22,238
927,Tuesday,February,27,2018,8`04``,1.48,11:59,209
928,Saturday,March,3,2018,7`54``,1.84,14:32,260
929,Sunday,March,11,2018,7`55``,1.66,13:11,235
930,Friday,March,16,2018,7`54``,1.68,13:17,238
931,Saturday,March,17,2018,7`42``,1.62,12:31,231
932,Monday,March,19,2018,8`00``,1.51,12:09,215
933,Thursday,March,22,2018,7`52``,1.51,11:54,214
934,Sunday,March,25,2018,8`00``,1.93,15:30,274
935,Monday,March,26,2018,7`55``,1.51,11:58,213
936,Saturday,March,31,2018,8`10``,1.97,16:06,278
937,Sunday,April,1,2018,7`53``,1.95,15:26,277
938,Saturday,April,7,2018,8`02``,2.05,16:32,290
939,Sunday,April,8,2018,7`54``,2.07,16:22,293
940,Thursday,April,12,2018,7`53``,1.69,13:20,239
941,Monday,April,23,2018,7`57``,1.69,13:26,239
942,Tuesday,April,24,2018,7`57``,1.79,14:17,255
943,Wednesday,April,25,2018,7`56``,2.01,16:00,286
944,Thursday,April,26,2018,8`01``,3.05,24:32,432
945,Friday,April,27,2018,7`44``,1.7,13:11,242
946,Saturday,April,28,2018,8`06``,3.09,25:03,436
947,Monday,April,30,2018,7`47``,3.1,24:06,439
948,Friday,May,4,2018,8`09``,3.1,25:19,438
949,Saturday,May,5,2018,8`10``,3.52,28:47,497
950,Sunday,May,6,2018,8`15``,4.17,34:26,588
951,Monday,May,7,2018,8`21``,4.12,34:24,580
952,Tuesday,May,8,2018,8`17``,4.15,34:25,584
953,Wednesday,May,9,2018,8`08``,3.62,29:29,511
954,Thursday,May,10,2018,8`02``,3.6,28:55,507
955,Friday,May,11,2018,7`44``,3.58,27:44,508
956,Saturday,May,12,2018,7`45``,3.63,28:11,516
957,Sunday,May,13,2018,7`54``,3.59,28:20,508
958,Monday,May,14,2018,8`07``,4.13,33:30,581
959,Tuesday,May,15,2018,8`13``,4.04,33:14,568
960,Wednesday,May,16,2018,7`49``,4.12,32:10,582
961,Thursday,May,17,2018,7`56``,4.12,32:43,582
962,Friday,May,18,2018,7`51``,4.12,32:24,582
963,Saturday,May,19,2018,8`02``,4.13,33:14,582
964,Sunday,May,20,2018,8`00``,4.13,33:03,583
965,Monday,May,21,2018,8`17``,4.13,34:14,582
966,Tuesday,May,22,2018,8`03``,4.14,33:22,580
967,Wednesday,May,23,2018,7`50``,4.07,31:51,572
968,Thursday,May,24,2018,8`01``,4.04,32:22,571
969,Friday,May,25,2018,7`46``,4.13,32:08,584
970,Saturday,May,26,2018,8`18``,3.02,25:07,425
971,Sunday,May,27,2018,7`50``,4.15,32:31,587
972,Monday,May,28,2018,7`59``,3.62,28:54,512
973,Tuesday,May,29,2018,7`45``,4.17,32:21,589
974,Wednesday,May,30,2018,7`52``,4.13,32:31,582
975,Thursday,May,31,2018,7`39``,4.14,31:42,585
976,Friday,June,1,2018,7`48``,4.14,32:18,583
977,Saturday,June,2,2018,7`44``,4.17,32:16,588
978,Sunday,June,3,2018,7`56``,3.63,28:50,513
979,Monday,June,4,2018,7`46``,4.09,31:45,575
980,Tuesday,June,5,2018,7`35``,3.68,27:55,522
981,Wednesday,June,6,2018,7`36``,3.67,27:55,521
982,Thursday,June,7,2018,7`17``,3.61,26:21,516
983,Friday,June,8,2018,7`31``,3.64,27:22,517
984,Saturday,June,9,2018,7`28``,3.6,26:55,510
985,Sunday,June,10,2018,7`56``,3.63,28:50,512
986,Monday,June,11,2018,7`29``,3.52,26:23,500
987,Tuesday,June,12,2018,7`20``,4.18,30:42,592
988,Wednesday,June,13,2018,7`41``,3.62,27:50,511
989,Thursday,June,14,2018,7`16``,3.64,26:26,517
990,Friday,June,15,2018,7`41``,3.67,28:16,522
991,Sunday,June,17,2018,7`33``,3.66,27:40,520
992,Monday,June,18,2018,7`15``,3.61,26:13,516
993,Tuesday,June,19,2018,7`50``,4.08,31:58,576
994,Wednesday,June,20,2018,7`24``,4.14,30:37,589
995,Thursday,June,21,2018,7`47``,4.09,31:53,580
996,Friday,June,22,2018,7`46``,4.09,31:44,580
997,Sunday,June,24,2018,7`14``,4.11,29:45,586
998,Monday,June,25,2018,7`44``,3.51,27:12,498
999,Tuesday,June,26,2018,7`25``,4.08,30:17,582
1000,Wednesday,June,27,2018,7`24``,3.56,26:21,502
1001,Thursday,June,28,2018,7`21``,3.66,26:56,522
1002,Saturday,June,30,2018,7`33``,4.11,31:05,585
1003,Sunday,July,1,2018,7`24``,4.18,30:56,594
1004,Tuesday,July,3,2018,7`53``,3.5,27:37,496
1005,Wednesday,July,4,2018,7`36``,4.03,30:40,572
1006,Friday,July,6,2018,7`33``,4.07,30:46,579
1007,Saturday,July,7,2018,7`53``,4.04,31:53,572
1008,Sunday,July,8,2018,7`32``,4.11,31:02,584
1009,Tuesday,July,10,2018,7`42``,4.01,30:52,569
1010,Wednesday,July,11,2018,7`32``,4.02,30:20,572
1011,Thursday,July,12,2018,7`39``,4.02,30:47,571
1012,Friday,July,13,2018,7`36``,4.06,30:51,577
1013,Saturday,July,14,2018,7`35``,4.1,31:10,582
1014,Monday,July,16,2018,7`32``,4.06,30:36,577
1015,Wednesday,July,18,2018,7`22``,4.15,30:37,591
1016,Thursday,July,19,2018,8`10``,6.05,49:25,851
1017,Friday,July,20,2018,7`28``,4.09,30:34,581
1018,Sunday,July,22,2018,7`30``,4.08,30:34,580
1019,Tuesday,July,24,2018,7`34``,4.08,30:54,581
1020,Thursday,July,26,2018,7`31``,5.08,38:15,722
1021,Friday,July,27,2018,7`36``,3.5,26:39,498
1022,Monday,July,30,2018,7`34``,4.1,31:06,583
1023,Monday,August,6,2018,7`39``,4.08,31:13,579
1024,Friday,August,10,2018,7`19``,4.16,30:30,593
1025,Sunday,August,12,2018,7`30``,4.09,30:40,581
1026,Tuesday,August,14,2018,7`44``,4.1,31:46,578
1027,Saturday,August,18,2018,7`38``,3.33,25:27,473
1028,Monday,August,27,2018,7`38``,4.11,31:21,583
1029,Wednesday,August,29,2018,7`26``,4.1,30:28,578
1030,Monday,September,3,2018,7`54``,3.94,31:09,557
1031,Saturday,September,8,2018,8`00``,4.6,36:50,651
1032,Friday,September,14,2018,7`59``,4.04,32:16,571
1033,Thursday,September,20,2018,7`45``,4.21,32:41,597
1034,Saturday,September,22,2018,8`00``,4.08,32:38,576
1035,Thursday,September,27,2018,7`46``,4.03,31:21,570
1036,Saturday,September,29,2018,7`58``,3.2,25:32,452
1037,Saturday,October,20,2018,7`54``,4.09,32:19,576
1038,Monday,October,22,2018,7`43``,4.09,31:35,580
1039,Thursday,October,25,2018,7`48``,4.1,31:58,579
1040,Tuesday,October,30,2018,7`46``,4.07,31:38,577
1041,Sunday,November,4,2018,7`57``,4.09,32:30,577
1042,Monday,November,12,2018,7`43``,4.08,31:29,577
1043,Saturday,November,17,2018,7`45``,4.11,31:55,582
1044,Thursday,November,22,2018,8`01``,4.1,32:51,579
1045,Sunday,November,25,2018,7`45``,4.08,31:42,579
1046,Sunday,December,2,2018,7`56``,4.13,32:50,584
1047,Thursday,December,6,2018,8`02``,4.14,33:18,585
1048,Thursday,December,13,2018,7`58``,4.17,33:19,591
1049,Thursday,December,27,2018,8`05``,4.05,32:46,569
1050,Saturday,January,5,2019,8`02``,4.05,32:34,573
1051,Saturday,January,12,2019,8`12``,4.08,33:31,576
1052,Tuesday,March,12,2019,8`36``,1.46,12:37,206
1053,Tuesday,March,19,2019,8`27``,2.02,17:08,285
1054,Friday,March,22,2019,8`09``,2.06,16:51,292
1055,Monday,March,25,2019,8`27``,1.52,12:52,214
1056,Saturday,April,6,2019,8`24``,4.07,34:12,568
1057,Wednesday,April,10,2019,8`21``,4.03,33:43,565
1058,Friday,April,12,2019,8`23``,4.13,34:42,580
1059,Monday,April,15,2019,8`26``,4.09,34:31,576
1060,Tuesday,April,16,2019,8`20``,4.06,33:51,570
1061,Thursday,April,18,2019,8`19``,4.08,33:57,571
1062,Saturday,April,20,2019,8`18``,4.1,34:04,575
1063,Sunday,April,21,2019,8`12``,4.09,33:37,575
1064,Tuesday,April,23,2019,8`26``,4.04,34:03,568
1065,Friday,April,26,2019,8`18``,4.01,33:19,565
1066,Sunday,April,28,2019,8`15``,4.11,33:57,579
1067,Tuesday,April,30,2019,8`05``,4.04,32:37,570
1068,Wednesday,May,1,2019,8`16``,4.08,33:44,573
1069,Monday,May,6,2019,8`07``,4.04,32:48,566
1070,Wednesday,May,8,2019,8`09``,4.1,33:29,578
1071,Saturday,May,11,2019,8`02``,3.19,25:38,433
1072,Monday,May,13,2019,7`57``,4.15,33:03,587
1073,Tuesday,May,14,2019,8`06``,4.12,33:24,581
1074,Thursday,May,16,2019,8`02``,4.17,33:33,587
1075,Saturday,May,18,2019,7`54``,4.2,33:12,591
1076,Wednesday,May,22,2019,8`05``,3.98,32:10,560
1077,Thursday,May,23,2019,7`59``,4.15,33:11,586
1078,Saturday,May,25,2019,8`03``,4.19,33:45,591
1079,Sunday,May,26,2019,7`44``,4.1,31:43,579
1080,Friday,May,31,2019,7`56``,4.27,33:55,603
1081,Sunday,June,2,2019,7`48``,4.14,32:20,584
1082,Tuesday,June,4,2019,7`58``,4.2,33:26,594
1083,Wednesday,June,5,2019,7`51``,4.2,33:00,591
1084,Friday,June,7,2019,7`56``,4.56,36:15,645
1085,Saturday,June,8,2019,7`53``,4.21,33:14,595
1086,Tuesday,June,11,2019,7`51``,4.2,32:58,569
1087,Wednesday,June,12,2019,7`58``,4.45,35:26,628
1088,Thursday,June,13,2019,8`07``,4.47,36:19,632
1089,Saturday,June,15,2019,8`02``,4.09,32:54,578
1090,Monday,June,17,2019,7`50``,4.2,32:54,594
1091,Wednesday,June,19,2019,7`48``,4.2,32:46,593
1092,Thursday,June,20,2019,7`58``,3.36,26:49,474
1093,Friday,June,21,2019,7`47``,4.21,32:47,594
1094,Monday,June,24,2019,7`46``,4.13,32:09,586
1095,Tuesday,June,25,2019,7`48``,4.48,34:58,634
1096,Thursday,June,27,2019,7`51``,4.18,32:50,591
1097,Friday,June,28,2019,7`56``,4.51,35:48,638
1098,Saturday,June,29,2019,7`48``,4.23,32:59,598
1099,Monday,July,1,2019,7`59``,4.63,37:02,651
1100,Tuesday,July,2,2019,8`12``,4.15,34:00,648
1101,Thursday,July,4,2019,7`54``,4.18,33:00,654
1102,Saturday,July,6,2019,7`55``,4.22,33:27,661
1103,Monday,July,8,2019,7`54``,4.52,35:45,709
1104,Tuesday,July,9,2019,8`00``,4.72,37:48,739
1105,Wednesday,July,10,2019,8`05``,4.52,36:36,708
1106,Friday,July,12,2019,7`58``,4.5,35:54,706
1107,Sunday,July,14,2019,7`48``,4.2,32:47,657
1108,Monday,July,15,2019,7`49``,4.52,35:21,710
1109,Wednesday,July,17,2019,7`54``,4.43,35:02,694
1110,Thursday,July,18,2019,7`50``,4.13,32:22,646
1111,Saturday,July,20,2019,7`48``,4.2,32:48,659
1112,Tuesday,July,23,2019,7`44``,4.53,35:03,710
1113,Wednesday,July,24,2019,7`56``,4.6,35:44,722
1114,Thursday,July,25,2019,7`57``,4.52,35:57,709
1115,Friday,July,26,2019,7`52``,4.43,34:50,694
1116,Monday,July,29,2019,7`47``,4.23,32:56,663
1117,Tuesday,July,30,2019,7`41``,4.22,32:27,663
1118,Thursday,August,1,2019,7`33``,4,30:16,626
1119,Saturday,August,3,2019,7`37``,4.25,32:24,666
1120,Monday,August,5,2019,7`44``,4.19,32:24,655
1121,Tuesday,August,6,2019,7`47``,4.21,32:48,660
1122,Wednesday,August,7,2019,7`44``,4.3,33:19,675
1123,Thursday,August,8,2019,7`27``,4.02,29:59,633
1124,Friday,August,9,2019,7`39``,4.03,30:52,634
1125,Saturday,August,10,2019,7`40``,4.23,32:27,665
1126,Monday,August,12,2019,7`46``,3.14,24:24,493
1127,Tuesday,August,13,2019,7`47``,4.21,32:47,658
1128,Wednesday,August,14,2019,7`45``,4.38,35:56,687
1129,Friday,August,16,2019,7`36``,4.55,34:36,715
1130,Saturday,August,17,2019,7`52``,4.27,33:38,669
1131,Thursday,August,22,2019,7`37``,4.08,31:07,642
1132,Friday,August,23,2019,7`44``,4.3,33:14,674
1133,Saturday,August,24,2019,7`43``,4.26,32:14,670
1134,Monday,August,26,2019,7`49``,4.53,35:27,710
1135,Monday,September,2,2019,7`51``,4.07,32:02,636
1136,Saturday,September,7,2019,7`35``,3.96,30:03,618
1137,Monday,September,9,2019,7`54``,4,31:35,626
1138,Wednesday,September,11,2019,7`40``,3.94,30:14,615
1139,Thursday,September,12,2019,7`44``,4.09,31:38,638
1140,Saturday,February,1,2020,8`37``,1.54,13:17,240
1141,Sunday,February,23,2020,8`30``,1.59,13:33,248
1142,Wednesday,March,4,2020,8`21``,1.55,12:57,242
1143,Thursday,March,5,2020,8`16``,1.58,13:04,247
1144,Thursday,March,12,2020,8`13``,1.63,13:25,255
1145,Sunday,March,15,2020,8`08``,1.59,12:59,250
1146,Tuesday,March,17,2020,8`10``,1.57,12:53,247
1147,Wednesday,March,25,2020,8`14``,1.59,13:07,248
1148,Friday,March,27,2020,8`15``,1.61,13:20,248
1149,Thursday,April,2,2020,8`33``,2.09,17:55,320
1150,Saturday,April,4,2020,8`24``,2.06,17:22,316
1151,Monday,April,6,2020,8`15``,2.83,23:21,316
1152,Tuesday,April,7,2020,8`15``,1.6,13:16,247
1153,Wednesday,April,8,2020,8`17``,2.93,24:19,448
1154,Friday,April,10,2020,8`30``,1.51,13:22,232
1155,Monday,April,13,2020,8`24``,3.1,26:05,474
1156,Tuesday,April,14,2020,8`22``,3.07,25:40,469
1157,Sunday,April,19,2020,8`19``,2.48,20:38,377
1158,Monday,April,20,2020,8`19``,2.68,22:21,411
1159,Friday,April,24,2020,7`50``,1.98,15:34,305
1160,Saturday,April,25,2020,8`03``,3.07,24:43,410
1161,Sunday,April,26,2020,8`20``,2.02,16:52,309
1162,Monday,April,27,2020,8`16``,2,16:35,307
1163,Tuesday,April,28,2020,8`16``,3.04,24:18,467
1164,Friday,May,1,2020,8`04``,3.09,24:56,473
1165,Saturday,May,2,2020,8`16``,3.04,25:10,465
1166,Monday,May,4,2020,7`56``,2.16,17:08,332
1167,Tuesday,May,5,2020,8`07``,2,16:13,307
1168,Thursday,May,7,2020,7`51``,2.19,17:12,335
1169,Friday,May,8,2020,8`15``,2.12,17:32,260
1170,Sunday,May,10,2020,8`07``,3.12,25:21,403
1171,Tuesday,May,12,2020,8`05``,3.01,24:19,429
1172,Wednesday,May,13,2020,8`10``,2.15,17:38,295
1173,Friday,May,15,2020,8`04``,3.05,24:35,447
1174,Monday,May,18,2020,8`07``,3.04,24:39,417
1175,Wednesday,May,20,2020,8`01``,2.98,23:52,481
1176,Thursday,May,21,2020,8`07``,2.98,24:14,444
1177,Friday,May,22,2020,8`10``,3.02,24:42,433
1178,Saturday,May,23,2020,8`06``,3.05,24:43,452
1179,Monday,May,25,2020,8`04``,2.58,20:51,473
1180,Wednesday,May,27,2020,8`00``,2.98,23:52,457
1181,Thursday,May,28,2020,8`13``,3.03,24:55,429
1182,Friday,May,29,2020,8`17``,3.06,25:24,427
1183,Sunday,May,31,2020,8`01``,3.08,24:44,419
1184,Saturday,June,6,2020,8`11``,3.06,25:08,453
1185,Saturday,June,13,2020,7`56``,3.07,24:25,417
1186,Sunday,June,14,2020,8`19``,3.09,25:42,419
1187,Saturday,June,20,2020,8`09``,3.11,25:24,462
1188,Sunday,June,21,2020,8`04``,3.07,24:47,473
1189,Saturday,June,27,2020,8`02``,3.08,24:43,434
1190,Sunday,June,28,2020,8`04``,3.07,24:49,450
1191,Friday,July,3,2020,8`14``,3.12,25:43,495
1192,Saturday,July,4,2020,8`03``,3.22,25:59,609
1193,Sunday,July,12,2020,8`03``,3.04,24:32,432
1194,Saturday,July,18,2020,8`11``,3.09,25:20,461
1195,Sunday,July,19,2020,8`09``,3.32,27:06,483
1196,Saturday,July,25,2020,8`02``,3.12,25:03,439
1197,Sunday,July,26,2020,8`19``,4.26,35:29,588
1198,Saturday,August,1,2020,8`07``,4.24,34:25,613
1199,Sunday,August,2,2020,8`14``,4.17,34:22,562
1200,Saturday,August,8,2020,8`10``,4.21,34:23,582
1201,Sunday,August,9,2020,8`15``,4.14,34:14,595
1202,Saturday,August,15,2020,8`17``,4.25,35:14,589
1203,Saturday,August,22,2020,8`04``,4.15,33:30,574
1204,Saturday,August,29,2020,8`05``,4.21,34:07,572
1205,Monday,September,7,2020,8`08``,4.18,34:04,588
1206,Sunday,September,27,2020,8`14``,4.17,34:20,576
1207,Thursday,October,22,2020,8`29``,4.18,35:32,649
1208,Sunday,February,28,2021,9`01``,1.77,15:59,296
1209,Wednesday,March,3,2021,9`05``,1.81,16:29,314
1210,Tuesday,March,16,2021,8`35``,1.92,16:29,327
1211,Monday,March,8,2021,8`41``,1.98,17:12,308
1212,Wednesday,March,10,2021,8`42``,2.03,17:44,284
1213,Friday,March,12,2021,8`46``,2.04,17:56,300
1214,Sunday,March,14,2021,10`05``,2.18,21:58,323
1215,Monday,March,15,2021,8`36``,2.05,17:40,292
1216,Wednesday,March,17,2021,9`00``,2.07,18:40,302
1217,Friday,March,19,2021,8`36``,2.07,17:52,291
1218,Sunday,March,21,2021,8`50``,1.97,17:28,279
1219,Wednesday,March,24,2021,9`01``,2.26,20:26,310
1220,Saturday,March,27,2021,8`49``,2.21,19:30,283
1221,Tuesday,March,30,2021,8`52``,2.17,19:18,305
1222,Thursday,April,1,2021,8`55``,1.99,17:50,248
1223,Sunday,April,4,2021,8`49``,2.24,19:49,283
1224,Tuesday,April,6,2021,8`48``,2.24,19:43,286
1225,Thursday,April,8,2021,8`49``,2.23,19:40,290
1226,Tuesday,April,13,2021,8`44``,2.23,19:29,283
1227,Wednesday,April,14,2021,8`41``,2.21,19:13,287
1228,Friday,April,16,2021,8`35``,2.23,19:11,291
1229,Sunday,April,18,2021,9`14``,3.32,19:11,428
1230,Saturday,April,24,2021,8`53``,3.14,27:53,414
1231,Monday,April,26,2021,8`51``,3.26,28:51,439
1232,Wednesday,April,28,2021,8`42``,3.2,27:53,438
1233,Friday,April,30,2021,8`44``,3.24,28:19,419
1234,Tuesday,May,4,2021,9`09``,3.23,29:34,441
1235,Thursday,May,6,2021,8`49``,3.22,28:26,438
1236,Sunday,May,9,2021,8`34``,3.29,28:12,480
1237,Saturday,May,15,2021,8`52``,3.29,29:13,433
1238,Monday,May,17,2021,8`35``,3.24,27:51,445
1239,Wednesday,May,19,2021,8`47``,3.27,28:48,449
1240,Friday,May,21,2021,8`26``,3.31,27:55,477
1241,Sunday,May,23,2021,8`21``,3.27,27:19,458
1242,Monday,May,24,2021,8`29``,3.28,27:53,462
1243,Saturday,May,29,2021,8`32``,3.25,27:53,443
1244,Monday,May,31,2021,8`28``,3.22,27:16,457
1245,Wednesday,June,2,2021,8`15``,3.24,26:47,463
1246,Saturday,June,5,2021,8`24``,3.27,27:30,445
1247,Monday,June,7,2021,8`12``,3.27,26:51,457
1248,Friday,June,11,2021,8`00``,3.29,26:20,459
1249,Monday,June,14,2021,8`22``,3.51,29:20,472
1250,Wednesday,June,16,2021,8`10``,3.49,28:32,478
1251,Friday,June,18,2021,8`26``,3.35,28:13,442
1252,Saturday,June,19,2021,8`18``,3.34,27:45,459
1253,Monday,June,21,2021,8`30``,3.33,28:22,448
1254,Saturday,June,26,2021,8`32``,3.3,28:15,459
1255,Saturday,July,3,2021,8`36``,3.64,31:21,497
1256,Monday,July,5,2021,8`32``,3.23,27:36,453
1257,Tuesday,July,6,2021,8`20``,3.2,26:42,455
1258,Thursday,July,8,2021,8`20``,3.27,27:18,459
1259,Friday,July,9,2021,8`25``,3.23,27:11,437
1260,Sunday,July,11,2021,8`24``,3.26,27:22,446
1261,Tuesday,July,13,2021,8`26``,3.22,27:10,443
1262,Thursday,July,15,2021,8`21``,3.19,26:43,463
1263,Sunday,July,18,2021,8`21``,3.23,27:03,443
1264,Monday,July,19,2021,8`20``,3.22,26:55,445
1265,Tuesday,July,20,2021,8`23``,3.24,27:11,445
1266,Saturday,July,24,2021,8`27``,3.24,27:24,474
1267,Tuesday,July,27,2021,8`26``,3.23,27:18,460
1268,Wednesday,July,28,2021,8`30``,3.21,27:18,455
1269,Saturday,July,31,2021,8`26``,3.28,27:42,450
1270,Tuesday,August,3,2021,8`20``,3.27,27:17,446
1271,Thursday,August,5,2021,8`18``,3.26,27:03,445
1272,Sunday,August,8,2021,8`19``,3.3,27:30,461
1273,Sunday,August,15,2021,8`19``,3.42,28:08,479
1274,Monday,August,23,2021,8`22``,3.24,27:08,448
1275,Tuesday,May,31,2022,9`04``,2.59,23:31,421
1276,Friday,June,3,2022,8`48``,2.68,23:35,393
1277,Saturday,June,4,2022,8`59``,3.25,29:09,448
1278,Monday,June,6,2022,8`56``,3.21,28:41,452
1279,Wednesday,June,22,2022,8`45``,3.15,27:37,455
1280,Monday,June,27,2022,8`53``,3.18,25:17,441
1281,Thursday,June,30,2022,8`46``,3.76,32:59,557
1282,Saturday,July,2,2022,8`35``,3.28,28:14,455
1283,Monday,July,4,2022,8`38``,3.21,27:45,459
1284,Friday,July,8,2022,8`38``,2.74,23:43,406
1285,Sunday,July,10,2022,8`33``,3.28,28:03,471
1286,Tuesday,July,12,2022,8`26``,2.74,23:10,389
1287,Thursday,July,14,2022,8`28``,3.28,27:47,461
1288,Monday,July,18,2022,8`25``,2.77,23:23,396
1289,Wednesday,July,20,2022,8`36``,3.22,27:45,461
1290,Friday,July,22,2022,8`25``,3.21,27:01,458
1291,Sunday,July,31,2022,8`37``,3.27,27:14,459
1292,Tuesday,August,2,2022,8`34``,2.86,24:31,400
1293,Wednesday,August,3,2022,8`32``,3.24,27:43,452
1294,Friday,August,5,2022,8`40``,2.84,24:37,401
1295,Sunday,August,7,2022,8`35``,3.27,28:07,454
1296,Tuesday,August,9,2022,8`30``,2.8,23:53,412
1297,Wednesday,August,10,2022,8`42``,3.23,28:08,442
1298,Friday,August,12,2022,8`31``,3.28,28:01,426
1299,Monday,August,15,2022,8`24``,3.25,27:18,462
1300,Wednesday,August,17,2022,8`46``,6.69,58:4,919
1301,Friday,August,19,2022,8`48``,6.3,55:30,857
1302,Sunday,August,21,2022,8`40``,6.29,54:33,854
1303,Monday,August,22,2022,8`04``,3.69,29:47,526
1304,Wednesday,August,24,2022,8`38``,6.54,56:28,894
1305,Thursday,August,25,2022,8`28``,3.98,33:42,554
1306,Saturday,August,27,2022,8`40``,6.57,56:57,895
1307,Monday,August,29,2022,8`58``,6.48,58:12,880
1308,Thursday,September,1,2022,9`26``,7.62,1:11:58,992
1309,Tuesday,September,6,2022,9`41``,6.26,1:00:36,837
1310,Thursday,September,8,2022,9`34``,9.15,1:27:36,1197
1311,Sunday,September,11,2022,9`28``,9.53,1:30:12,1248
1312,Tuesday,September,13,2022,8`40``,6.43,54:59,837
1313,Thursday,September,15,2022,8`46``,6.35,55:43,852
1314,Monday,September,19,2022,9`09``,10.17,1:33:03,1331
1315,Wednesday,September,21,2022,8`31``,5.15,43:52,733
1316,Sunday,September,25,2022,8`36``,6.37,54:44,843
1317,Tuesday,September,27,2022,8`30``,6.31,53:41,837
1318,Thursday,September,29,2022,8`37``,9.24,1:19:38,1224
1319,Monday,October,3,2022,8`14``,6.33,52:08,842
1320,Thursday,October,6,2022,8`39``,9.08,1:18:39,1202
1321,Thursday,October,13,2022,8`07``,4.38,35:36,599
1322,Saturday,October,15,2022,8`09``,6.31,51:31,839
1323,Sunday,October,23,2022,8`31``,5.34,45:30,726
1324,Tuesday,October,25,2022,8`20``,6.32,52:39,853
1325,Sunday,October,30,2022,8`21``,6.34,52:55,837